,orig.ident,nCount_RNA,nFeature_RNA,Illu_BC,BC,Full_BC,Set,Plate_no,Well,Full_index,Type,Stim.,Reads,Genes,UMIs,exon,intron,unmapped,mapped,Info,QCpass,percent.mt,Name,Clone
TAAGGCGAAGAGTTGG,BRB,309420,14135,TAAGGCGA,AGAGTTGG,TAAGGCGAAGAGTTGG,N701,1,A2,P1_A2,TBK1.c2.UNSTIM.R1,Unstim.,485467,15061,310446,0.489528639433782,0.333707543458155,0.066570951269602,0.933429048730398,Unstim.,TRUE,7.81526727425506,TBK1,c2
TAAGGCGAACGTATGG,BRB,175355,12869,TAAGGCGA,ACGTATGG,TAAGGCGAACGTATGG,N701,1,A3,P1_A3,IKKE.c3.UNSTIM.R1,Unstim.,279914,13475,176012,0.483845038118851,0.348210521803125,0.061154497452789,0.938845502547211,Unstim.,TRUE,5.72552821419406,IKKE,c3
TAAGGCGAGGCTAAGA,BRB,401128,14857,TAAGGCGA,GGCTAAGA,TAAGGCGAGGCTAAGA,N701,1,A4,P1_A4,IKKE.c4.UNSTIM.R1,Unstim.,680600,16186,402637,0.480180722891566,0.338737878342639,0.074775198354393,0.925224801645607,Unstim.,TRUE,6.06838714824196,IKKE,c4
TAAGGCGAGTGCATGA,BRB,323434,14134,TAAGGCGA,GTGCATGA,TAAGGCGAGTGCATGA,N701,1,A5,P1_A5,TBK1_IKKe.c5.UNSTIM.R1,Unstim.,548151,15108,324522,0.516881297306764,0.297416222902084,0.078655334022924,0.921344665977076,Unstim.,TRUE,7.59691312601644,TBK1_IKKe,c5
TAAGGCGAGAGCCATA,BRB,666854,15662,TAAGGCGA,GAGCCATA,TAAGGCGAGAGCCATA,N701,1,A6,P1_A6,TBK1_IKKe.c6.UNSTIM.R1,Unstim.,1056512,17638,669254,0.476713941725224,0.346894308819966,0.071475761751878,0.928524238248122,Unstim.,TRUE,6.63833462796954,TBK1_IKKe,c6
TAAGGCGAGTGTGAGA,BRB,464513,15036,TAAGGCGA,GTGTGAGA,TAAGGCGAGTGTGAGA,N701,1,A7,P1_A7,IKKa.c7.UNSTIM.R1,Unstim.,782925,16449,466159,0.497693904269247,0.326355653478941,0.075258805121819,0.924741194878181,Unstim.,TRUE,7.07579766335926,IKKa,c7
TAAGGCGAATTGCACC,BRB,442771,14845,TAAGGCGA,ATTGCACC,TAAGGCGAATTGCACC,N701,1,A8,P1_A8,IKKa.c8.UNSTIM.R1,Unstim.,686895,16207,444367,0.498962723560369,0.32482548278849,0.073162564875272,0.926837435124728,Unstim.,TRUE,6.22127465439245,IKKa,c8
TAAGGCGATTCGGTTC,BRB,281519,13754,TAAGGCGA,TTCGGTTC,TAAGGCGATTCGGTTC,N701,1,A9,P1_A9,IKKb.c9.UNSTIM.R1,Unstim.,479027,14575,282437,0.462585616259626,0.32312792389573,0.083224953917003,0.916775046082997,Unstim.,TRUE,5.98787293219996,IKKb,c9
TAAGGCGATTCGTCGA,BRB,550819,15125,TAAGGCGA,TTCGTCGA,TAAGGCGATTCGTCGA,N701,1,A10,P1_A10,IKKb.c10.UNSTIM.R1,Unstim.,932700,16536,552454,0.519692291197598,0.306057681998499,0.07319716950788,0.92680283049212,Unstim.,TRUE,7.10995808060361,IKKb,c10
TAAGGCGATGTACCAG,BRB,183642,12849,TAAGGCGA,TGTACCAG,TAAGGCGATGTACCAG,N701,1,A11,P1_A11,IKKa_IKKb.c11.UNSTIM.R1,Unstim.,301057,13470,184311,0.473930185978071,0.353474591190373,0.06812995545694,0.93187004454306,Unstim.,TRUE,7.78471155835811,IKKa_IKKb,c11
TAAGGCGACAATCCTC,BRB,503351,15055,TAAGGCGA,CAATCCTC,TAAGGCGACAATCCTC,N701,1,A12,P1_A12,IKKa_IKKb.c12.UNSTIM.R1,Unstim.,802654,16493,504992,0.50194355226536,0.326991455845233,0.0699865695555,0.9300134304445,Unstim.,TRUE,7.31219367797024,IKKa_IKKb,c12
TAAGGCGAGCTAGAGT,BRB,575218,15303,TAAGGCGA,GCTAGAGT,TAAGGCGAGCTAGAGT,N701,1,B2,P1_B2,TBK1_IKKe_IKKa_IKKb.c14.UNSTIM.R1,Unstim.,947743,16859,577051,0.486260515772736,0.340747438915402,0.070354515939448,0.929645484060552,Unstim.,TRUE,5.30546679693612,TBK1_IKKe_IKKa_IKKb,c14
TAAGGCGATAGCGAAG,BRB,488432,15215,TAAGGCGA,TAGCGAAG,TAAGGCGATAGCGAAG,N701,1,B3,P1_B3,Rela.c15.UNSTIM.R1,Unstim.,792571,16803,490357,0.470455012863201,0.358949545214246,0.068161716742096,0.931838283257904,Unstim.,TRUE,6.65005568840698,Rela,c15
TAAGGCGATTGAGCGA,BRB,372604,14503,TAAGGCGA,TTGAGCGA,TAAGGCGATTGAGCGA,N701,1,B4,P1_B4,Rela.c16.UNSTIM.R1,Unstim.,625453,15623,373879,0.487429111380072,0.336133970098473,0.069941306541019,0.930058693458981,Unstim.,TRUE,7.221071164024,Rela,c16
TAAGGCGACTAGCCAA,BRB,130450,12107,TAAGGCGA,CTAGCCAA,TAAGGCGACTAGCCAA,N701,1,B5,P1_B5,IRF3_7.c17.UNSTIM.R1,Unstim.,238021,12650,131032,0.447838636086732,0.347540763209969,0.085954600644481,0.914045399355519,Unstim.,TRUE,5.90954388654657,IRF3_7,c17
TAAGGCGAAGCTCTAG,BRB,101190,11330,TAAGGCGA,AGCTCTAG,TAAGGCGAAGCTCTAG,N701,1,B6,P1_B6,IRF3_7.c18.UNSTIM.R1,Unstim.,162732,11729,101612,0.458109038173193,0.351614925153012,0.080654081557407,0.919345918442593,Unstim.,TRUE,5.84148631287677,IRF3_7,c18
TAAGGCGAGGAATTGC,BRB,389317,14601,TAAGGCGA,GGAATTGC,TAAGGCGAGGAATTGC,N701,1,B7,P1_B7,TRIF.c19.UNSTIM.R1,Unstim.,648600,15720,390573,0.48677150786309,0.338011100832562,0.068341042244835,0.931658957755165,Unstim.,TRUE,7.00406095803677,TRIF,c19
TAAGGCGACTCGAATG,BRB,450776,14882,TAAGGCGA,CTCGAATG,TAAGGCGACTCGAATG,N701,1,B8,P1_B8,TRIF.c20.UNSTIM.R1,Unstim.,772880,16288,452384,0.460106355449746,0.357936549011489,0.069458389400683,0.930541610599317,Unstim.,TRUE,6.13541980939535,TRIF,c20
TAAGGCGAACTCGGTA,BRB,462481,14994,TAAGGCGA,ACTCGGTA,TAAGGCGAACTCGGTA,N701,1,B10,P1_B10,Myd88.c22.UNSTIM.R1,Unstim.,720864,16332,464011,0.499540828783238,0.334032494340125,0.067123618324677,0.932876381675323,Unstim.,TRUE,6.4478324514953,Myd88,c22
TAAGGCGATGGAACCA,BRB,824289,16026,TAAGGCGA,TGGAACCA,TAAGGCGATGGAACCA,N701,1,B12,P1_B12,TRIF_Myd88.c24.UNSTIM.R1,Unstim.,1397057,18466,827446,0.478188792583266,0.351497469323013,0.066642950144482,0.933357049855518,Unstim.,TRUE,7.25704212964142,TRIF_Myd88,c24
TAAGGCGAGCGTAGTA,BRB,625542,15686,TAAGGCGA,GCGTAGTA,TAAGGCGAGCGTAGTA,N701,1,C9,P1_C9,WT.c0.UNSTIM.R1,Unstim.,1065625,17461,627694,0.47198780058651,0.360265571847507,0.068335483870968,0.931664516129032,Unstim.,TRUE,6.25121894293269,WT,c0
TAAGGCGAACAGCACA,BRB,599506,15606,TAAGGCGA,ACAGCACA,TAAGGCGAACAGCACA,N701,1,C10,P1_C10,WT.c0.UNSTIM.R2,Unstim.,955743,17431,601658,0.452775484622958,0.380672419259152,0.065999960240358,0.934000039759643,Unstim.,TRUE,5.96157503010812,WT,c0
TAAGGCGATGGTGCAA,BRB,712443,15836,TAAGGCGA,TGGTGCAA,TAAGGCGATGGTGCAA,N701,1,C11,P1_C11,WT.c0.UNSTIM.R3,Unstim.,1205144,17909,714963,0.459083727753696,0.37109590223243,0.068970181156775,0.931029818843225,Unstim.,TRUE,6.18884598487177,WT,c0
TAAGGCGACCGCATTA,BRB,663397,15749,TAAGGCGA,CCGCATTA,TAAGGCGACCGCATTA,N701,1,C12,P1_C12,WT.c0.UNSTIM.R4,Unstim.,1132192,17713,665768,0.455842295299737,0.370586437636019,0.07163007687742,0.92836992312258,Unstim.,TRUE,5.19975218458932,WT,c0
TAAGGCGATACCGCAA,BRB,423323,14076,TAAGGCGA,TACCGCAA,TAAGGCGATACCGCAA,N701,1,D1,P1_D1,TBK1.c1.UNSTIM.R2,Unstim.,684611,14969,424384,0.666667640455675,0.14190540321438,0.084658295002564,0.915341704997437,Unstim.,TRUE,7.43923670577786,TBK1,c1
TAAGGCGAGGTCTCTT,BRB,333607,14230,TAAGGCGA,GGTCTCTT,TAAGGCGAGGTCTCTT,N701,1,D2,P1_D2,TBK1.c2.UNSTIM.R2,Unstim.,566492,15222,334721,0.485652048043044,0.323190795280428,0.07487660902537,0.92512339097463,Unstim.,TRUE,7.18989709448543,TBK1,c2
TAAGGCGAGAGTGTAC,BRB,149888,12275,TAAGGCGA,GAGTGTAC,TAAGGCGAGAGTGTAC,N701,1,D3,P1_D3,IKKE.c3.UNSTIM.R2,Unstim.,226145,12718,150353,0.524866789007053,0.281412368170864,0.08220831767229,0.91779168232771,Unstim.,TRUE,7.53362510674637,IKKE,c3
TAAGGCGACTCACTAG,BRB,341657,14333,TAAGGCGA,CTCACTAG,TAAGGCGACTCACTAG,N701,1,D4,P1_D4,IKKE.c4.UNSTIM.R2,Unstim.,585433,15358,342795,0.51778939690793,0.295096108350571,0.07966069558771,0.92033930441229,Unstim.,TRUE,6.48369563626678,IKKE,c4
TAAGGCGATAACTCGC,BRB,309626,14012,TAAGGCGA,TAACTCGC,TAAGGCGATAACTCGC,N701,1,D5,P1_D5,TBK1_IKKe.c5.UNSTIM.R2,Unstim.,507958,14942,310646,0.509394477496171,0.309139732025089,0.07700439800141,0.92299560199859,Unstim.,TRUE,6.92189932370021,TBK1_IKKe,c5
TAAGGCGACTCCTAAG,BRB,534785,15344,TAAGGCGA,CTCCTAAG,TAAGGCGACTCCTAAG,N701,1,D6,P1_D6,TBK1_IKKe.c6.UNSTIM.R2,Unstim.,922447,16946,536672,0.503477164541703,0.32349284023906,0.071753715931647,0.928246284068353,Unstim.,TRUE,5.68377946277476,TBK1_IKKe,c6
TAAGGCGAATAGGCGA,BRB,357377,14171,TAAGGCGA,ATAGGCGA,TAAGGCGAATAGGCGA,N701,1,D7,P1_D7,IKKa.c7.UNSTIM.R2,Unstim.,565005,15063,358346,0.561209192839001,0.262592366439235,0.077670109114079,0.922329890885921,Unstim.,TRUE,7.2217853974934,IKKa,c7
TAAGGCGAGGCACATT,BRB,413956,14589,TAAGGCGA,GGCACATT,TAAGGCGAGGCACATT,N701,1,D8,P1_D8,IKKa.c8.UNSTIM.R2,Unstim.,691979,15739,415278,0.520371282943558,0.300259111909465,0.077450327249815,0.922549672750185,Unstim.,TRUE,6.09098551536878,IKKa,c8
TAAGGCGAAGGAGTGA,BRB,283978,13681,TAAGGCGA,AGGAGTGA,TAAGGCGAAGGAGTGA,N701,1,D9,P1_D9,IKKb.c9.UNSTIM.R2,Unstim.,447672,14468,284842,0.53183357458139,0.290493933058132,0.076902285601959,0.923097714398041,Unstim.,TRUE,8.23514497601927,IKKb,c9
TAAGGCGAATTCCGAG,BRB,286381,13754,TAAGGCGA,ATTCCGAG,TAAGGCGAATTCCGAG,N701,1,D10,P1_D10,IKKb.c10.UNSTIM.R2,Unstim.,448363,14560,287268,0.492384518793924,0.320851631379039,0.070993815279138,0.929006184720862,Unstim.,TRUE,6.75568560763458,IKKb,c10
TAAGGCGAACGACGTA,BRB,262177,13768,TAAGGCGA,ACGACGTA,TAAGGCGAACGACGTA,N701,1,D11,P1_D11,IKKa_IKKb.c11.UNSTIM.R2,Unstim.,412661,14580,263073,0.528571878612227,0.289988634738926,0.080637617802506,0.919362382197494,Unstim.,TRUE,8.08919165296727,IKKa_IKKb,c11
TAAGGCGAACTAGCTG,BRB,367791,14366,TAAGGCGA,ACTAGCTG,TAAGGCGAACTAGCTG,N701,1,D12,P1_D12,IKKa_IKKb.c12.UNSTIM.R2,Unstim.,575252,15360,368908,0.5459920174115,0.27930541745183,0.077025373227733,0.922974626772267,Unstim.,TRUE,7.79464424088681,IKKa_IKKb,c12
TAAGGCGAAGTCGTAC,BRB,251326,13516,TAAGGCGA,AGTCGTAC,TAAGGCGAAGTCGTAC,N701,1,E2,P1_E2,TBK1_IKKe_IKKa_IKKb.c14.UNSTIM.R2,Unstim.,397976,14224,252083,0.522594327296118,0.294721289726014,0.078399199951756,0.921600800048244,Unstim.,TRUE,5.54618304512864,TBK1_IKKe_IKKa_IKKb,c14
TAAGGCGAGCACATAG,BRB,263061,13796,TAAGGCGA,GCACATAG,TAAGGCGAGCACATAG,N701,1,E3,P1_E3,Rela.c15.UNSTIM.R2,Unstim.,449395,14636,263982,0.502295308136495,0.313846393484574,0.078307502308659,0.921692497691341,Unstim.,TRUE,6.78815940029119,Rela,c15
TAAGGCGAAAGACGAC,BRB,85621,10736,TAAGGCGA,AAGACGAC,TAAGGCGAAAGACGAC,N701,1,E4,P1_E4,Rela.c16.UNSTIM.R2,Unstim.,130762,11007,85903,0.51473669720561,0.294068613205671,0.075962435569967,0.924037564430033,Unstim.,TRUE,6.43767300078252,Rela,c16
TAAGGCGACTAACGAC,BRB,69140,10124,TAAGGCGA,CTAACGAC,TAAGGCGACTAACGAC,N701,1,E6,P1_E6,IRF3_7.c18.UNSTIM.R2,Unstim.,125736,10411,69431,0.468036202837692,0.321037729846663,0.086594133740536,0.913405866259464,Unstim.,TRUE,6.08186288689615,IRF3_7,c18
TAAGGCGAGGTAGGAA,BRB,203619,13023,TAAGGCGA,GGTAGGAA,TAAGGCGAGGTAGGAA,N701,1,E7,P1_E7,TRIF.c19.UNSTIM.R2,Unstim.,332327,13605,204239,0.525870603351518,0.298720838210558,0.069518877491146,0.930481122508854,Unstim.,TRUE,6.35844395660523,TRIF,c19
TAAGGCGACAGAGTTG,BRB,158948,12399,TAAGGCGA,CAGAGTTG,TAAGGCGACAGAGTTG,N701,1,E8,P1_E8,TRIF.c20.UNSTIM.R2,Unstim.,255238,12883,159456,0.484300926977958,0.339498820708515,0.06692185332905,0.93307814667095,Unstim.,TRUE,6.32345169489393,TRIF,c20
TAAGGCGAACGGTTAC,BRB,601530,15423,TAAGGCGA,ACGGTTAC,TAAGGCGAACGGTTAC,N701,1,E10,P1_E10,Myd88.c22.UNSTIM.R2,Unstim.,958915,17108,603561,0.486511317478609,0.34344858511964,0.069734022306461,0.930265977693539,Unstim.,TRUE,6.47615247784815,Myd88,c22
TAAGGCGAGAGACAAG,BRB,566504,15444,TAAGGCGA,GAGACAAG,TAAGGCGAGAGACAAG,N701,1,E12,P1_E12,TRIF_Myd88.c24.UNSTIM.R2,Unstim.,908541,17130,568500,0.490661401081514,0.333587587131456,0.073434220359896,0.926565779640104,Unstim.,TRUE,6.87656221315295,TRIF_Myd88,c24
TAAGGCGAGGACAACT,BRB,532358,15260,TAAGGCGA,GGACAACT,TAAGGCGAGGACAACT,N701,1,F9,P1_F9,WT.c0.UNSTIM.R5,Unstim.,885287,16719,534030,0.492999445377601,0.335927219082625,0.072065895014837,0.927934104985163,Unstim.,TRUE,5.96271681838162,WT,c0
TAAGGCGATCAGCGAA,BRB,734294,15870,TAAGGCGA,TCAGCGAA,TAAGGCGATCAGCGAA,N701,1,F10,P1_F10,WT.c0.UNSTIM.R6,Unstim.,1250154,17865,736716,0.496648412915529,0.332703010989046,0.072743837959163,0.927256162040837,Unstim.,TRUE,6.26479312101147,WT,c0
TAAGGCGATCCTGAAG,BRB,482265,15178,TAAGGCGA,TCCTGAAG,TAAGGCGATCCTGAAG,N701,1,F11,P1_F11,WT.c0.UNSTIM.R7,Unstim.,832838,16613,483926,0.477479413763541,0.346712085663719,0.071180709813913,0.928819290186087,Unstim.,TRUE,6.883145158782,WT,c0
TAAGGCGATGATGTGC,BRB,405082,14799,TAAGGCGA,TGATGTGC,TAAGGCGATGATGTGC,N701,1,F12,P1_F12,WT.c0.UNSTIM.R8,Unstim.,684317,15988,406442,0.493863224207494,0.333408347301032,0.073829818636685,0.926170181363316,Unstim.,TRUE,6.3641435561195,WT,c0
CGTACTAGCAGACCTT,BRB,560850,14831,CGTACTAG,CAGACCTT,CGTACTAGCAGACCTT,N702,2,A1,P2_A1,TBK1.c1.LPS.R1,LPS,1147758,16217,562584,0.53304442225626,0.294012326640285,0.059454170652699,0.940545829347301,LPS,TRUE,5.27057145404297,TBK1,c1
CGTACTAGAGAGTTGG,BRB,377279,13936,CGTACTAG,AGAGTTGG,CGTACTAGAGAGTTGG,N702,2,A2,P2_A2,TBK1.c2.LPS.R1,LPS,739779,14929,378396,0.506908144189008,0.325544520728488,0.054406789054569,0.945593210945431,LPS,TRUE,6.68232263126228,TBK1,c2
CGTACTAGACGTATGG,BRB,327740,13509,CGTACTAG,ACGTATGG,CGTACTAGACGTATGG,N702,2,A3,P2_A3,IKKE.c3.LPS.R1,LPS,673508,14313,328638,0.572205526883125,0.253873747602107,0.061316272412503,0.938683727587497,LPS,TRUE,6.11856959785196,IKKE,c3
CGTACTAGGGCTAAGA,BRB,540973,14767,CGTACTAG,GGCTAAGA,CGTACTAGGGCTAAGA,N702,2,A4,P2_A4,IKKE.c4.LPS.R1,LPS,1197073,16126,542553,0.52008106439624,0.314777795506206,0.058602942343533,0.941397057656467,LPS,TRUE,5.78956805607674,IKKE,c4
CGTACTAGGTGCATGA,BRB,437267,14072,CGTACTAG,GTGCATGA,CGTACTAGGTGCATGA,N702,2,A5,P2_A5,TBK1_IKKe.c5.LPS.R1,LPS,958065,15136,438477,0.541487268609124,0.292224431536482,0.060359161434767,0.939640838565233,LPS,TRUE,6.6355338957662,TBK1_IKKe,c5
CGTACTAGGAGCCATA,BRB,647101,14792,CGTACTAG,GAGCCATA,CGTACTAGGAGCCATA,N702,2,A6,P2_A6,TBK1_IKKe.c6.LPS.R1,LPS,1273143,16222,648825,0.543239054843014,0.290360941386788,0.060348287662894,0.939651712337106,LPS,TRUE,5.81856618982199,TBK1_IKKe,c6
CGTACTAGGTGTGAGA,BRB,442295,14153,CGTACTAG,GTGTGAGA,CGTACTAGGTGTGAGA,N702,2,A7,P2_A7,IKKa.c7.LPS.R1,LPS,975337,15280,443545,0.611526067400293,0.213084298042625,0.068348683583213,0.931651316416787,LPS,TRUE,6.28630212866978,IKKa,c7
CGTACTAGATTGCACC,BRB,700340,15405,CGTACTAG,ATTGCACC,CGTACTAGATTGCACC,N702,2,A8,P2_A8,IKKa.c8.LPS.R1,LPS,1342698,17247,702543,0.527390373710246,0.293438286196896,0.060049244133826,0.939950755866174,LPS,TRUE,5.56800982379987,IKKa,c8
CGTACTAGTTCGGTTC,BRB,566360,14700,CGTACTAG,TTCGGTTC,CGTACTAGTTCGGTTC,N702,2,A9,P2_A9,IKKb.c9.LPS.R1,LPS,1255653,16000,567861,0.551982912476616,0.275887526251281,0.058673056967172,0.941326943032828,LPS,TRUE,5.59767638957554,IKKb,c9
CGTACTAGTTCGTCGA,BRB,384374,13693,CGTACTAG,TTCGTCGA,CGTACTAGTTCGTCGA,N702,2,A10,P2_A10,IKKb.c10.LPS.R1,LPS,847250,14615,385411,0.534406609619357,0.306835054588374,0.055998819710829,0.944001180289171,LPS,TRUE,5.36534729196043,IKKb,c10
CGTACTAGTGTACCAG,BRB,219074,12617,CGTACTAG,TGTACCAG,CGTACTAGTGTACCAG,N702,2,A11,P2_A11,IKKa_IKKb.c11.LPS.R1,LPS,468082,13186,219695,0.563125691652317,0.273943454352015,0.061162360441119,0.938837639558881,LPS,TRUE,7.36372184741229,IKKa_IKKb,c11
CGTACTAGCAATCCTC,BRB,462656,14527,CGTACTAG,CAATCCTC,CGTACTAGCAATCCTC,N702,2,A12,P2_A12,IKKa_IKKb.c12.LPS.R1,LPS,929612,15658,463944,0.533686096995306,0.301764607169443,0.05743041182773,0.94256958817227,LPS,TRUE,5.39558548900263,IKKa_IKKb,c12
CGTACTAGGTAGACGT,BRB,528650,14788,CGTACTAG,GTAGACGT,CGTACTAGGTAGACGT,N702,2,B1,P2_B1,TBK1.c1.LPS.R2,LPS,1193019,16182,530367,0.547593122993012,0.2887791393096,0.055375480189335,0.944624519810665,LPS,TRUE,3.88669251867966,TBK1,c1
CGTACTAGGCTAGAGT,BRB,423542,14255,CGTACTAG,GCTAGAGT,CGTACTAGGCTAGAGT,N702,2,B2,P2_B2,TBK1.c2.LPS.R2,LPS,895393,15433,424924,0.481601933452685,0.350858226499425,0.055264001393801,0.944735998606199,LPS,TRUE,6.76768773817,TBK1,c2
CGTACTAGTAGCGAAG,BRB,517369,14641,CGTACTAG,TAGCGAAG,CGTACTAGTAGCGAAG,N702,2,B3,P2_B3,IKKE.c3.LPS.R2,LPS,1060548,15868,518778,0.539869954023769,0.295213417968824,0.056059697439437,0.943940302560563,LPS,TRUE,5.78368630513231,IKKE,c3
CGTACTAGTTGAGCGA,BRB,587645,14833,CGTACTAG,TTGAGCGA,CGTACTAGTTGAGCGA,N702,2,B4,P2_B4,IKKE.c4.LPS.R2,LPS,1278057,16162,589202,0.550750866354161,0.28591760774363,0.05756316032853,0.94243683967147,LPS,TRUE,5.50196121808235,IKKE,c4
CGTACTAGCTAGCCAA,BRB,705169,15078,CGTACTAG,CTAGCCAA,CGTACTAGCTAGCCAA,N702,2,B5,P2_B5,TBK1_IKKe.c5.LPS.R2,LPS,1625915,16723,707119,0.529126676363771,0.304392296030235,0.058103898420274,0.941896101579726,LPS,TRUE,5.98934439829318,TBK1_IKKe,c5
CGTACTAGAGCTCTAG,BRB,745678,15051,CGTACTAG,AGCTCTAG,CGTACTAGAGCTCTAG,N702,2,B6,P2_B6,TBK1_IKKe.c6.LPS.R2,LPS,1456742,16561,747546,0.547519052790405,0.286146071164283,0.059823221956942,0.940176778043058,LPS,TRUE,5.74872800324,TBK1_IKKe,c6
CGTACTAGGGAATTGC,BRB,744624,15357,CGTACTAG,GGAATTGC,CGTACTAGGGAATTGC,N702,2,B7,P2_B7,IKKa.c7.LPS.R2,LPS,1605951,17059,746676,0.579396880726747,0.257741363217184,0.058671777656977,0.941328222343023,LPS,TRUE,5.83032510367649,IKKa,c7
CGTACTAGTTGTCTGG,BRB,733121,15198,CGTACTAG,TTGTCTGG,CGTACTAGTTGTCTGG,N702,2,B9,P2_B9,IKKb.c9.LPS.R2,LPS,1579425,16813,735061,0.563569653513146,0.267758836285357,0.060155436313848,0.939844563686152,LPS,TRUE,6.83325126411602,IKKb,c9
CGTACTAGACTCGGTA,BRB,348109,13554,CGTACTAG,ACTCGGTA,CGTACTAGACTCGGTA,N702,2,B10,P2_B10,IKKb.c10.LPS.R2,LPS,674826,14351,348983,0.531458479667351,0.314498848592081,0.053015147608421,0.946984852391579,LPS,TRUE,5.22566207710803,IKKb,c10
CGTACTAGGGACATTC,BRB,426787,14473,CGTACTAG,GGACATTC,CGTACTAGGGACATTC,N702,2,B11,P2_B11,IKKa_IKKb.c11.LPS.R2,LPS,922831,15728,428240,0.508657598195119,0.326091126110848,0.058772407949018,0.941227592050982,LPS,TRUE,7.3861200083414,IKKa_IKKb,c11
CGTACTAGTGGAACCA,BRB,773874,15584,CGTACTAG,TGGAACCA,CGTACTAGTGGAACCA,N702,2,B12,P2_B12,IKKa_IKKb.c12.LPS.R2,LPS,1686677,17491,776276,0.513538751047177,0.331847176430342,0.057208345166265,0.942791654833735,LPS,TRUE,6.19144718649289,IKKa_IKKb,c12
CGTACTAGTCAAGTGG,BRB,381331,14116,CGTACTAG,TCAAGTGG,CGTACTAGTCAAGTGG,N702,2,C1,P2_C1,WT.c0.LPS.R1,LPS,834230,15196,382554,0.502089351857401,0.337038946094003,0.0574709612457,0.9425290387543,LPS,TRUE,5.59723704603088,WT,c0
CGTACTAGTATCCGAC,BRB,204637,12357,CGTACTAG,TATCCGAC,CGTACTAGTATCCGAC,N702,2,C2,P2_C2,WT.c0.LPS.R2,LPS,402793,12931,205260,0.513459767175696,0.317997085351533,0.055653896666526,0.944346103333474,LPS,TRUE,7.2425807649643,WT,c0
CGTACTAGCTGAACAG,BRB,454867,14479,CGTACTAG,CTGAACAG,CGTACTAGCTGAACAG,N702,2,C3,P2_C3,WT.c0.LPS.R3,LPS,1043159,15840,456431,0.473291224060762,0.361500979237106,0.057059374457777,0.942940625542223,LPS,TRUE,6.50607760070526,WT,c0
CGTACTAGGAGCATCT,BRB,492609,14587,CGTACTAG,GAGCATCT,CGTACTAGGAGCATCT,N702,2,C4,P2_C4,WT.c0.LPS.R4,LPS,982304,15813,494050,0.514197234257419,0.3250653565495,0.054847582825683,0.945152417174317,LPS,TRUE,5.58312982507425,WT,c0
CGTACTAGGTCGATAC,BRB,483288,14593,CGTACTAG,GTCGATAC,CGTACTAGGTCGATAC,N702,2,C5,P2_C5,WT.c0.LPS.R5,LPS,1067036,15863,484749,0.52868319344427,0.310821752968035,0.057811545252456,0.942188454747544,LPS,TRUE,5.96021419940077,WT,c0
CGTACTAGAAGGAACC,BRB,323081,13641,CGTACTAG,AAGGAACC,CGTACTAGAAGGAACC,N702,2,C6,P2_C6,WT.c0.LPS.R6,LPS,603141,14495,324013,0.530779701595481,0.310902425800932,0.052176854168428,0.947823145831572,LPS,TRUE,5.0974832936632,WT,c0
CGTACTAGACCGATAG,BRB,439985,14265,CGTACTAG,ACCGATAG,CGTACTAGACCGATAG,N702,2,C7,P2_C7,WT.c0.LPS.R7,LPS,877820,15343,441188,0.541344466975006,0.295963865029277,0.055789341778497,0.944210658221503,LPS,TRUE,5.55700762525995,WT,c0
CGTACTAGCTACGAGA,BRB,663146,15229,CGTACTAG,CTACGAGA,CGTACTAGCTACGAGA,N702,2,C8,P2_C8,WT.c0.LPS.R8,LPS,1514507,16909,665171,0.525497736227036,0.308185435920732,0.059309729172595,0.940690270827405,LPS,TRUE,5.58067152633055,WT,c0
CGTACTAGGGTCTCTT,BRB,321566,13527,CGTACTAG,GGTCTCTT,CGTACTAGGGTCTCTT,N702,2,D2,P2_D2,TBK1_IKKe_IKKa_IKKb.c14.LPS.R1,LPS,707463,14321,322464,0.515788104819616,0.317524732742207,0.060591154590417,0.939408845409583,LPS,TRUE,5.50586815770324,TBK1_IKKe_IKKa_IKKb,c14
CGTACTAGGAGTGTAC,BRB,345196,13824,CGTACTAG,GAGTGTAC,CGTACTAGGAGTGTAC,N702,2,D3,P2_D3,Rela.c15.LPS.R1,LPS,610238,14690,346160,0.518153572868291,0.319798177104671,0.059732432264133,0.940267567735867,LPS,TRUE,6.35262285773879,Rela,c15
CGTACTAGCTCACTAG,BRB,352382,13981,CGTACTAG,CTCACTAG,CGTACTAGCTCACTAG,N702,2,D4,P2_D4,Rela.c16.LPS.R1,LPS,781881,14858,353317,0.500952190934426,0.333977932703314,0.057313069380123,0.942686930619877,LPS,TRUE,5.81953675272857,Rela,c16
CGTACTAGTAACTCGC,BRB,59698,8813,CGTACTAG,TAACTCGC,CGTACTAGTAACTCGC,N702,2,D5,P2_D5,IRF3_7.c17.LPS.R1,LPS,129715,9020,59916,0.476706626064834,0.338264657132945,0.05899086458775,0.94100913541225,LPS,TRUE,5.78076317464572,IRF3_7,c17
CGTACTAGCTCCTAAG,BRB,115502,10859,CGTACTAG,CTCCTAAG,CGTACTAGCTCCTAAG,N702,2,D6,P2_D6,IRF3_7.c18.LPS.R1,LPS,269427,11266,115944,0.484346409231443,0.327097878089427,0.06261807465473,0.93738192534527,LPS,TRUE,5.24406503783484,IRF3_7,c18
CGTACTAGATAGGCGA,BRB,294279,13201,CGTACTAG,ATAGGCGA,CGTACTAGATAGGCGA,N702,2,D7,P2_D7,TRIF.c19.LPS.R1,LPS,577504,13891,295033,0.542867235551615,0.299687967529229,0.054366723001053,0.945633276998947,LPS,TRUE,5.5477964788517,TRIF,c19
CGTACTAGGGCACATT,BRB,137942,11396,CGTACTAG,GGCACATT,CGTACTAGGGCACATT,N702,2,D8,P2_D8,TRIF.c20.LPS.R1,LPS,301840,11792,138353,0.483146700238537,0.346219851576994,0.058484627617281,0.941515372382719,LPS,TRUE,5.44431717678445,TRIF,c20
CGTACTAGAGGAGTGA,BRB,276043,13545,CGTACTAG,AGGAGTGA,CGTACTAGAGGAGTGA,N702,2,D9,P2_D9,Myd88.c21.LPS.R1,LPS,534986,14191,276741,0.55149854388713,0.292897384230615,0.055741645575772,0.944258354424228,LPS,TRUE,5.73244023576037,Myd88,c21
CGTACTAGATTCCGAG,BRB,497231,14592,CGTACTAG,ATTCCGAG,CGTACTAGATTCCGAG,N702,2,D10,P2_D10,Myd88.c22.LPS.R1,LPS,939337,15697,498469,0.512472094679545,0.322080360935426,0.053177932946323,0.946822067053677,LPS,TRUE,5.95336976174052,Myd88,c22
CGTACTAGACTAGCTG,BRB,379032,14473,CGTACTAG,ACTAGCTG,CGTACTAGACTAGCTG,N702,2,D12,P2_D12,TRIF_Myd88.c24.LPS.R1,LPS,727488,15540,380234,0.511352764581684,0.329961456408903,0.056821555819477,0.943178444180523,LPS,TRUE,6.28574896050993,TRIF_Myd88,c24
CGTACTAGAGTCGTAC,BRB,77688,9800,CGTACTAG,AGTCGTAC,CGTACTAGAGTCGTAC,N702,2,E2,P2_E2,TBK1_IKKe_IKKa_IKKb.c14.LPS.R2,LPS,153183,10020,77916,0.501550433142059,0.34798247847346,0.055887402649119,0.944112597350881,LPS,TRUE,7.34733807022964,TBK1_IKKe_IKKa_IKKb,c14
CGTACTAGGCACATAG,BRB,190612,12364,CGTACTAG,GCACATAG,CGTACTAGGCACATAG,N702,2,E3,P2_E3,Rela.c15.LPS.R2,LPS,417218,12935,191232,0.492572228427345,0.349891423668202,0.057406439798858,0.942593560201142,LPS,TRUE,9.20980840660609,Rela,c15
CGTACTAGAAGACGAC,BRB,189656,12205,CGTACTAG,AAGACGAC,CGTACTAGAAGACGAC,N702,2,E4,P2_E4,Rela.c16.LPS.R2,LPS,346503,12663,190131,0.536180061933086,0.30768276176541,0.052357411046946,0.947642588953054,LPS,TRUE,6.40159024760619,Rela,c16
CGTACTAGCTTCCTGT,BRB,126043,11013,CGTACTAG,CTTCCTGT,CGTACTAGCTTCCTGT,N702,2,E5,P2_E5,IRF3_7.c17.LPS.R2,LPS,281766,11492,126560,0.484696521226834,0.31909101878864,0.05889993824663,0.94110006175337,LPS,TRUE,5.52192505732171,IRF3_7,c17
CGTACTAGCTAACGAC,BRB,143508,11406,CGTACTAG,CTAACGAC,CGTACTAGCTAACGAC,N702,2,E6,P2_E6,IRF3_7.c18.LPS.R2,LPS,335367,11916,144065,0.482155370087099,0.333971440243077,0.062370477715458,0.937629522284542,LPS,TRUE,5.01714190149678,IRF3_7,c18
CGTACTAGGGTAGGAA,BRB,228757,12555,CGTACTAG,GGTAGGAA,CGTACTAGGGTAGGAA,N702,2,E7,P2_E7,TRIF.c19.LPS.R2,LPS,479547,13069,229301,0.578787897745164,0.261486361086609,0.054580677180756,0.945419322819244,LPS,TRUE,5.95566474468541,TRIF,c19
CGTACTAGCAGAGTTG,BRB,133462,11045,CGTACTAG,CAGAGTTG,CGTACTAGCAGAGTTG,N702,2,E8,P2_E8,TRIF.c20.LPS.R2,LPS,279193,11391,133825,0.546392638783924,0.288345338171086,0.054446207462222,0.945553792537778,LPS,TRUE,6.3141568386507,TRIF,c20
CGTACTAGCTCCGTTA,BRB,446882,14705,CGTACTAG,CTCCGTTA,CGTACTAGCTCCGTTA,N702,2,E9,P2_E9,Myd88.c21.LPS.R2,LPS,990904,15914,448244,0.517171189136385,0.312672065104188,0.059973519130007,0.940026480869994,LPS,TRUE,5.74156041192082,Myd88,c21
CGTACTAGACGGTTAC,BRB,523024,14880,CGTACTAG,ACGGTTAC,CGTACTAGACGGTTAC,N702,2,E10,P2_E10,Myd88.c22.LPS.R2,LPS,1056614,16113,524445,0.486307203955276,0.360654884375941,0.054234564372609,0.945765435627391,LPS,TRUE,5.81675028296981,Myd88,c22
CGTACTAGGAGACAAG,BRB,314938,14144,CGTACTAG,GAGACAAG,CGTACTAGGAGACAAG,N702,2,E12,P2_E12,TRIF_Myd88.c24.LPS.R2,LPS,623922,15089,316005,0.508446568641593,0.336545273287366,0.056208949195573,0.943791050804427,LPS,TRUE,5.86020105544583,TRIF_Myd88,c24
AGGCAGAACAGACCTT,BRB,444409,14557,AGGCAGAA,CAGACCTT,AGGCAGAACAGACCTT,N703,3,A1,P3_A1,TBK1.c1.HTDNA.R1,HT-DNA,816709,15786,446079,0.559281212769787,0.261716229403619,0.069650267108603,0.930349732891397,HT-DNA,TRUE,5.51631492611536,TBK1,c1
AGGCAGAAAGAGTTGG,BRB,243143,13034,AGGCAGAA,AGAGTTGG,AGGCAGAAAGAGTTGG,N703,3,A2,P3_A2,TBK1.c2.HTDNA.R1,HT-DNA,435044,13764,244099,0.540857936208751,0.281916311913278,0.064496924449021,0.935503075550979,HT-DNA,TRUE,7.4334856442505,TBK1,c2
AGGCAGAAGGCTAAGA,BRB,441344,14600,AGGCAGAA,GGCTAAGA,AGGCAGAAGGCTAAGA,N703,3,A4,P3_A4,IKKE.c4.HTDNA.R1,HT-DNA,875614,15900,443120,0.536651995057183,0.289601354021293,0.068241256992236,0.931758743007764,HT-DNA,TRUE,6.82642111368909,IKKE,c4
AGGCAGAAGTGCATGA,BRB,298642,13976,AGGCAGAA,GTGCATGA,AGGCAGAAGTGCATGA,N703,3,A5,P3_A5,TBK1_IKKe.c5.HTDNA.R1,HT-DNA,601371,14884,299703,0.522750515073058,0.295671058298455,0.068252376652682,0.931747623347318,HT-DNA,TRUE,7.87431104801066,TBK1_IKKe,c5
AGGCAGAAGAGCCATA,BRB,614112,15397,AGGCAGAA,GAGCCATA,AGGCAGAAGAGCCATA,N703,3,A6,P3_A6,TBK1_IKKe.c6.HTDNA.R1,HT-DNA,1109083,17032,616184,0.541822388405557,0.284961540299509,0.067876795514853,0.932123204485147,HT-DNA,TRUE,7.17816945443177,TBK1_IKKe,c6
AGGCAGAAGTGTGAGA,BRB,194743,12796,AGGCAGAA,GTGTGAGA,AGGCAGAAGTGTGAGA,N703,3,A7,P3_A7,IKKa.c7.HTDNA.R1,HT-DNA,391293,13471,195735,0.546214729116033,0.27825951397035,0.070123922482641,0.929876077517359,HT-DNA,TRUE,7.60797563968923,IKKa,c7
AGGCAGAAATTGCACC,BRB,307304,13957,AGGCAGAA,ATTGCACC,AGGCAGAAATTGCACC,N703,3,A8,P3_A8,IKKa.c8.HTDNA.R1,HT-DNA,545053,15020,308630,0.48986795779493,0.330182569401508,0.064188253252436,0.935811746747564,HT-DNA,TRUE,7.28529404107984,IKKa,c8
AGGCAGAATTCGGTTC,BRB,338122,14094,AGGCAGAA,TTCGGTTC,AGGCAGAATTCGGTTC,N703,3,A9,P3_A9,IKKb.c9.HTDNA.R1,HT-DNA,674276,15122,339410,0.514459954084084,0.310626509025977,0.065777218824339,0.934222781175661,HT-DNA,TRUE,9.67698049816338,IKKb,c9
AGGCAGAATTCGTCGA,BRB,93745,10514,AGGCAGAA,TTCGTCGA,AGGCAGAATTCGTCGA,N703,3,A10,P3_A10,IKKb.c10.HTDNA.R1,HT-DNA,188370,10799,94085,0.528491798057015,0.29429314646706,0.067075436640654,0.932924563359346,HT-DNA,TRUE,8.61379273561257,IKKb,c10
AGGCAGAACAATCCTC,BRB,245156,13437,AGGCAGAA,CAATCCTC,AGGCAGAACAATCCTC,N703,3,A12,P3_A12,IKKa_IKKb.c12.HTDNA.R1,HT-DNA,454821,14223,246119,0.50130051162985,0.325400542191324,0.063343601109008,0.936656398890992,HT-DNA,TRUE,8.19070306253977,IKKa_IKKb,c12
AGGCAGAAGTAGACGT,BRB,683375,15406,AGGCAGAA,GTAGACGT,AGGCAGAAGTAGACGT,N703,3,B1,P3_B1,TBK1.c1.HTDNA.R2,HT-DNA,1357903,17279,686151,0.558548732862362,0.276690603084315,0.06383519294088,0.93616480705912,HT-DNA,TRUE,5.18075727089812,TBK1,c1
AGGCAGAAGCTAGAGT,BRB,227514,12976,AGGCAGAA,GCTAGAGT,AGGCAGAAGCTAGAGT,N703,3,B2,P3_B2,TBK1.c2.HTDNA.R2,HT-DNA,436239,13690,228457,0.515731055682779,0.306655296752468,0.063180962729146,0.936819037270854,HT-DNA,TRUE,7.3081216980054,TBK1,c2
AGGCAGAATAGCGAAG,BRB,355811,14373,AGGCAGAA,TAGCGAAG,AGGCAGAATAGCGAAG,N703,3,B3,P3_B3,IKKE.c3.HTDNA.R2,HT-DNA,659000,15395,357077,0.546996965098634,0.282213960546282,0.066843702579666,0.933156297420334,HT-DNA,TRUE,6.5773683219462,IKKE,c3
AGGCAGAATTGAGCGA,BRB,356809,14279,AGGCAGAA,TTGAGCGA,AGGCAGAATTGAGCGA,N703,3,B4,P3_B4,IKKE.c4.HTDNA.R2,HT-DNA,692788,15329,358157,0.52117530904115,0.313026495839997,0.063924317395798,0.936075682604202,HT-DNA,TRUE,6.94321051318773,IKKE,c4
AGGCAGAACTAGCCAA,BRB,266906,13835,AGGCAGAA,CTAGCCAA,AGGCAGAACTAGCCAA,N703,3,B5,P3_B5,TBK1_IKKe.c5.HTDNA.R2,HT-DNA,557390,14731,267938,0.516231005220761,0.305192055831644,0.065596799368485,0.934403200631515,HT-DNA,TRUE,7.87880377361318,TBK1_IKKe,c5
AGGCAGAAAGCTCTAG,BRB,639086,15446,AGGCAGAA,AGCTCTAG,AGGCAGAAAGCTCTAG,N703,3,B6,P3_B6,TBK1_IKKe.c6.HTDNA.R2,HT-DNA,1141686,17117,641235,0.526758670948054,0.304533821033104,0.065088824773186,0.934911175226814,HT-DNA,TRUE,7.39603120706759,TBK1_IKKe,c6
AGGCAGAAGGAATTGC,BRB,636066,15296,AGGCAGAA,GGAATTGC,AGGCAGAAGGAATTGC,N703,3,B7,P3_B7,IKKa.c7.HTDNA.R2,HT-DNA,1238888,16982,638958,0.590247060266949,0.243768605394515,0.067136819470364,0.932863180529636,HT-DNA,TRUE,7.64983508000742,IKKa,c7
AGGCAGAACTCGAATG,BRB,633016,15521,AGGCAGAA,CTCGAATG,AGGCAGAACTCGAATG,N703,3,B8,P3_B8,IKKa.c8.HTDNA.R2,HT-DNA,1269453,17298,635487,0.548469301344752,0.277480143022231,0.067017053801913,0.932982946198087,HT-DNA,TRUE,6.72178902271033,IKKa,c8
AGGCAGAATTGTCTGG,BRB,673243,15459,AGGCAGAA,TTGTCTGG,AGGCAGAATTGTCTGG,N703,3,B9,P3_B9,IKKb.c9.HTDNA.R2,HT-DNA,1325188,17245,675665,0.542074784860714,0.287571272906184,0.066458494945623,0.933541505054377,HT-DNA,TRUE,10.4139218677357,IKKb,c9
AGGCAGAAACTCGGTA,BRB,101340,10750,AGGCAGAA,ACTCGGTA,AGGCAGAAACTCGGTA,N703,3,B10,P3_B10,IKKb.c10.HTDNA.R2,HT-DNA,180842,11064,101700,0.490184802203028,0.334446644031807,0.065112086793997,0.934887913206003,HT-DNA,TRUE,8.09552003157687,IKKb,c10
AGGCAGAAGGACATTC,BRB,331659,14282,AGGCAGAA,GGACATTC,AGGCAGAAGGACATTC,N703,3,B11,P3_B11,IKKa_IKKb.c11.HTDNA.R2,HT-DNA,646305,15446,333075,0.445532681938094,0.384971491787933,0.061876358685141,0.938123641314859,HT-DNA,TRUE,7.92048459411625,IKKa_IKKb,c11
AGGCAGAATGGAACCA,BRB,523494,15013,AGGCAGAA,TGGAACCA,AGGCAGAATGGAACCA,N703,3,B12,P3_B12,IKKa_IKKb.c12.HTDNA.R2,HT-DNA,1035104,16468,525423,0.553171468760627,0.277624277367298,0.065633984604446,0.934366015395555,HT-DNA,TRUE,7.15060726579483,IKKa_IKKb,c12
AGGCAGAATCAAGTGG,BRB,581642,14017,AGGCAGAA,TCAAGTGG,AGGCAGAATCAAGTGG,N703,3,C1,P3_C1,WT.c0.HTDNA.R1,HT-DNA,1120741,14895,582908,0.729577127989428,0.104271192006003,0.06601614467571,0.93398385532429,HT-DNA,TRUE,8.1336973602319,WT,c0
AGGCAGAATATCCGAC,BRB,800603,14502,AGGCAGAA,TATCCGAC,AGGCAGAATATCCGAC,N703,3,C2,P3_C2,WT.c0.HTDNA.R2,HT-DNA,1406583,15703,802385,0.73984755965343,0.096961217361507,0.063479368085637,0.936520631914363,HT-DNA,TRUE,8.07328975784502,WT,c0
AGGCAGAACTGAACAG,BRB,839579,14727,AGGCAGAA,CTGAACAG,AGGCAGAACTGAACAG,N703,3,C3,P3_C3,WT.c0.HTDNA.R3,HT-DNA,1676116,16029,841638,0.740767942075608,0.094848447243508,0.064602330626281,0.935397669373719,HT-DNA,TRUE,8.00687010990032,WT,c0
AGGCAGAAGAGCATCT,BRB,551758,15041,AGGCAGAA,GAGCATCT,AGGCAGAAGAGCATCT,N703,3,C4,P3_C4,WT.c0.HTDNA.R4,HT-DNA,994711,16427,553543,0.554263499649647,0.277136776410435,0.065386830948889,0.934613169051111,HT-DNA,TRUE,6.22845522856035,WT,c0
AGGCAGAAGTCGATAC,BRB,823090,14860,AGGCAGAA,GTCGATAC,AGGCAGAAGTCGATAC,N703,3,C5,P3_C5,WT.c0.HTDNA.R5,HT-DNA,1633924,16261,825131,0.723989610287871,0.108247384823284,0.068070485530539,0.931929514469461,HT-DNA,TRUE,9.8662357700859,WT,c0
AGGCAGAAAAGGAACC,BRB,279176,13747,AGGCAGAA,AAGGAACC,AGGCAGAAAAGGAACC,N703,3,C6,P3_C6,WT.c0.HTDNA.R6,HT-DNA,480603,14521,280115,0.512062970892816,0.322424121364203,0.062486085188815,0.937513914811185,HT-DNA,TRUE,7.6557440467662,WT,c0
AGGCAGAAACCGATAG,BRB,257706,13623,AGGCAGAA,ACCGATAG,AGGCAGAAACCGATAG,N703,3,C7,P3_C7,WT.c0.HTDNA.R7,HT-DNA,467954,14428,258705,0.480132662612137,0.352320954623745,0.063371613449185,0.936628386550815,HT-DNA,TRUE,7.20510969864885,WT,c0
AGGCAGAACTACGAGA,BRB,253772,13565,AGGCAGAA,CTACGAGA,AGGCAGAACTACGAGA,N703,3,C8,P3_C8,WT.c0.HTDNA.R8,HT-DNA,521367,14416,254794,0.488970341429358,0.336632353025796,0.06731918207328,0.93268081792672,HT-DNA,TRUE,7.30143593461848,WT,c0
AGGCAGAAGGTCTCTT,BRB,388616,14552,AGGCAGAA,GGTCTCTT,AGGCAGAAGGTCTCTT,N703,3,D2,P3_D2,TBK1_IKKe_IKKa_IKKb.c14.HTDNA.R1,HT-DNA,786534,15768,390051,0.490064002319035,0.307364970872206,0.069334574220568,0.930665425779432,HT-DNA,TRUE,5.66703378141919,TBK1_IKKe_IKKa_IKKb,c14
AGGCAGAAGAGTGTAC,BRB,369332,14399,AGGCAGAA,GAGTGTAC,AGGCAGAAGAGTGTAC,N703,3,D3,P3_D3,Rela.c15.HTDNA.R1,HT-DNA,590352,15424,370566,0.537186288858173,0.290262419708919,0.068501504187332,0.931498495812668,HT-DNA,TRUE,7.63838497611905,Rela,c15
AGGCAGAACTCACTAG,BRB,554118,14660,AGGCAGAA,CTCACTAG,AGGCAGAACTCACTAG,N703,3,D4,P3_D4,Rela.c16.HTDNA.R1,HT-DNA,1081299,15865,555757,0.641201924722024,0.1881829170285,0.06959129713428,0.93040870286572,HT-DNA,TRUE,8.36789275930398,Rela,c16
AGGCAGAATAACTCGC,BRB,122270,11552,AGGCAGAA,TAACTCGC,AGGCAGAATAACTCGC,N703,3,D5,P3_D5,IRF3_7.c17.HTDNA.R1,HT-DNA,233412,11942,122716,0.504858362037942,0.305948280294072,0.072147104690419,0.927852895309581,HT-DNA,TRUE,6.06771898257954,IRF3_7,c17
AGGCAGAACTCCTAAG,BRB,252191,13493,AGGCAGAA,CTCCTAAG,AGGCAGAACTCCTAAG,N703,3,D6,P3_D6,IRF3_7.c18.HTDNA.R1,HT-DNA,517830,14351,253178,0.487445686808412,0.321798659791824,0.070403414247919,0.929596585752081,HT-DNA,TRUE,5.55293408567316,IRF3_7,c18
AGGCAGAAATAGGCGA,BRB,401076,14239,AGGCAGAA,ATAGGCGA,AGGCAGAAATAGGCGA,N703,3,D7,P3_D7,TRIF.c19.HTDNA.R1,HT-DNA,714488,15268,402415,0.550862995599646,0.284406456091635,0.062723236779344,0.937276763220656,HT-DNA,TRUE,6.61944369645653,TRIF,c19
AGGCAGAAGGCACATT,BRB,321155,13730,AGGCAGAA,GGCACATT,AGGCAGAAGGCACATT,N703,3,D8,P3_D8,TRIF.c20.HTDNA.R1,HT-DNA,629538,14589,322324,0.510628429101976,0.312823054366853,0.063599020233886,0.936400979766114,HT-DNA,TRUE,6.18735501549096,TRIF,c20
AGGCAGAAAGGAGTGA,BRB,269266,13562,AGGCAGAA,AGGAGTGA,AGGCAGAAAGGAGTGA,N703,3,D9,P3_D9,Myd88.c21.HTDNA.R1,HT-DNA,472614,14290,270166,0.565218127266649,0.272188297426653,0.065827504051932,0.934172495948068,HT-DNA,TRUE,7.1590917531363,Myd88,c21
AGGCAGAAATTCCGAG,BRB,405371,14198,AGGCAGAA,ATTCCGAG,AGGCAGAAATTCCGAG,N703,3,D10,P3_D10,Myd88.c22.HTDNA.R1,HT-DNA,704653,15161,406671,0.566636344413491,0.254584880785294,0.064756695848879,0.935243304151121,HT-DNA,TRUE,7.46180659198611,Myd88,c22
AGGCAGAAACTAGCTG,BRB,173679,12011,AGGCAGAA,ACTAGCTG,AGGCAGAAACTAGCTG,N703,3,D12,P3_D12,TRIF_Myd88.c24.HTDNA.R1,HT-DNA,309094,12485,174315,0.582625350217086,0.223249238095854,0.082366529275884,0.917633470724116,HT-DNA,TRUE,5.55046954438936,TRIF_Myd88,c24
AGGCAGAAAGTCGTAC,BRB,190753,12684,AGGCAGAA,AGTCGTAC,AGGCAGAAAGTCGTAC,N703,3,E2,P3_E2,TBK1_IKKe_IKKa_IKKb.c14.HTDNA.R2,HT-DNA,337457,13215,191342,0.550502730718284,0.284163611956486,0.062627238433341,0.937372761566659,HT-DNA,TRUE,5.67959612692854,TBK1_IKKe_IKKa_IKKb,c14
AGGCAGAAGCACATAG,BRB,574494,15118,AGGCAGAA,GCACATAG,AGGCAGAAGCACATAG,N703,3,E3,P3_E3,Rela.c15.HTDNA.R2,HT-DNA,1124952,16590,576397,0.574757856335204,0.25764832632859,0.065834808951849,0.934165191048151,HT-DNA,TRUE,7.02914216684595,Rela,c15
AGGCAGAAAAGACGAC,BRB,237040,13160,AGGCAGAA,AAGACGAC,AGGCAGAAAAGACGAC,N703,3,E4,P3_E4,Rela.c16.HTDNA.R2,HT-DNA,396329,13745,237746,0.563678156279253,0.272336871639471,0.062632308006732,0.937367691993268,HT-DNA,TRUE,7.73835639554506,Rela,c16
AGGCAGAACTTCCTGT,BRB,116462,11351,AGGCAGAA,CTTCCTGT,AGGCAGAACTTCCTGT,N703,3,E5,P3_E5,IRF3_7.c17.HTDNA.R2,HT-DNA,237222,11765,116918,0.446699715877954,0.324021380816282,0.065086712025023,0.934913287974977,HT-DNA,TRUE,6.15050402706462,IRF3_7,c17
AGGCAGAACTAACGAC,BRB,209018,12857,AGGCAGAA,CTAACGAC,AGGCAGAACTAACGAC,N703,3,E6,P3_E6,IRF3_7.c18.HTDNA.R2,HT-DNA,433743,13560,209814,0.497024735845881,0.316242567603396,0.069656455550868,0.930343544449132,HT-DNA,TRUE,5.71386196404137,IRF3_7,c18
AGGCAGAAGGTAGGAA,BRB,240346,12922,AGGCAGAA,GGTAGGAA,AGGCAGAAGGTAGGAA,N703,3,E7,P3_E7,TRIF.c19.HTDNA.R2,HT-DNA,451023,13528,241117,0.597756655425555,0.23989907388315,0.059934859197868,0.940065140802132,HT-DNA,TRUE,7.12056784801911,TRIF,c19
AGGCAGAACAGAGTTG,BRB,184338,12274,AGGCAGAA,CAGAGTTG,AGGCAGAACAGAGTTG,N703,3,E8,P3_E8,TRIF.c20.HTDNA.R2,HT-DNA,343599,12757,185013,0.532088277323275,0.292934496316928,0.067051999569265,0.932948000430735,HT-DNA,TRUE,6.51791817205351,TRIF,c20
AGGCAGAACTCCGTTA,BRB,718340,15736,AGGCAGAA,CTCCGTTA,AGGCAGAACTCCGTTA,N703,3,E9,P3_E9,Myd88.c21.HTDNA.R2,HT-DNA,1409488,17667,720916,0.519857565300308,0.305896893056202,0.063169037267433,0.936830962732567,HT-DNA,TRUE,6.17980343569897,Myd88,c21
AGGCAGAAACGGTTAC,BRB,771109,15675,AGGCAGAA,ACGGTTAC,AGGCAGAAACGGTTAC,N703,3,E10,P3_E10,Myd88.c22.HTDNA.R2,HT-DNA,1391384,17497,773614,0.560373699855683,0.27886119144679,0.063275127498951,0.936724872501049,HT-DNA,TRUE,7.48324815298486,Myd88,c22
AGGCAGAATCACACTG,BRB,693438,15499,AGGCAGAA,TCACACTG,AGGCAGAATCACACTG,N703,3,E11,P3_E11,TRIF_Myd88.c23.HTDNA.R2,HT-DNA,1335215,17386,695981,0.563891957475013,0.264270548188868,0.066245511022569,0.933754488977431,HT-DNA,TRUE,6.37173042146522,TRIF_Myd88,c23
AGGCAGAAGAGACAAG,BRB,397955,14381,AGGCAGAA,GAGACAAG,AGGCAGAAGAGACAAG,N703,3,E12,P3_E12,TRIF_Myd88.c24.HTDNA.R2,HT-DNA,719080,15450,399345,0.54475997107415,0.282997719308005,0.069422039272404,0.930577960727596,HT-DNA,TRUE,7.35485167920996,TRIF_Myd88,c24
